scope,area_ha
raw_before,18.635367621830373
raw_after,17.4818372730895
shared_footprint,9.762886368450216
before_clipped_to_shared,10.201004021636985
after_clipped_to_shared,11.615647866133148
