class,feature_count,total_area_m2,total_area_ha,map
non-built,162,142453.05292357373,14.245305292357374,before_berney
road_network,17,23221.409378195935,2.322140937819593,before_berney
water,28,10526.421175618518,1.0526421175618517,before_berney
built,118,10152.792740915591,1.015279274091559,before_berney
road_network,121,98131.59789113863,9.813159789113863,after_renove
non-built,173,59441.988333844696,5.94419883338447,after_renove
built,330,15246.130591063755,1.5246130591063756,after_renove
water,23,1998.6559148479446,0.19986559148479444,after_renove
