map,total_area_ha
after_renove,17.481837273089504
before_berney,18.635367621830376
