scope,area_ha
raw_before,34.795236933847825
raw_after,36.32949535721317
shared_footprint,22.671354000506838
before_clipped_to_shared,25.61139789084829
after_clipped_to_shared,22.889403177138988
