scope,area_ha
raw_before,138.54287070551572
raw_after,127.01233816789417
shared_footprint,56.869194419641445
before_clipped_to_shared,62.76545834970806
after_clipped_to_shared,81.49436165733701
