period,map_start,map_end,stable_length_m,lost_length_m,new_length_m,sort_key
Melotte (1721) → Berney (1831),melotte,berney,7768.312788944689,2788.7975634535246,4772.970005372712,1721
Berney (1831) → Rénové (1888),berney,renove,11095.876506815439,1996.002306212021,288.8838943820024,1831
Rénové (1888) → 1937,renove,1937,3892.601877149157,7238.386935642051,443.6976312918658,1888
1937 → 1959,1937,1959,2557.2238012159723,1598.6137607483392,966.5553521073219,1937
1959 → Contemporary (2021),1959,contemporain,3292.519324507416,0.0,0.0,1959
