class,feature_count,total_area_m2,total_area_ha,map,total_area_all_classes_ha
undecided,169,312163.9922805653,31.216399228056535,before_melotte,34.79523693384782
road network,43,16251.81672100872,1.6251816721008718,before_melotte,34.79523693384782
buildings,130,15123.063995141272,1.5123063995141273,before_melotte,34.79523693384782
water,12,4413.496341762927,0.4413496341762927,before_melotte,34.79523693384782
non-built,227,319774.2174088706,31.977421740887056,after_berney,36.32949535721317
road_network,35,24667.539416570424,2.4667539416570423,after_berney,36.32949535721317
built,188,18853.19674669069,1.885319674669069,after_berney,36.32949535721317
