map,total_area_ha
after_berney,36.32949535721317
before_melotte,34.795236933847825
